STATE,2010,2011,2012,2013,2014,2015,2016,2017,2018,2019,2020,2021,2022,2023,2024,2025
Alabama,4785514,4799642,4816632,4831586,4843737,4854803,4866824,4877989,4891628,4907965,5032962,5050058,5076868,5117850,5163055,5193088
Alaska,713982,722349,730810,737626,737075,738430,742575,740983,736624,733603,732906,734590,733659,734654,736537,737270
Arizona,6407342,6473416,6556344,6634690,6732873,6832810,6944767,7048088,7164228,7291843,7186647,7274022,7370065,7452073,7556424,7623818
Arkansas,2921998,2941038,2952876,2960459,2968759,2979732,2991815,3003855,3012161,3020985,3014399,3027127,3047429,3069856,3096080,3114791
California,37319550,37636311,37944551,38253768,38586706,38904296,39149186,39337785,39437463,39437610,39527808,39152927,39125347,39181667,39364774,39355309
Colorado,5047539,5121900,5193660,5270774,5352637,5454328,5543844,5617421,5697155,5758486,5786873,5814368,5853355,5912240,5988502,6012561
Connecticut,3579173,3588632,3595211,3595792,3595697,3588561,3579830,3575324,3574561,3566022,3579643,3607765,3618707,3641369,3674449,3688496
Delaware,899647,907590,915518,924062,933131,942065,949989,957942,966985,976668,991890,1005130,1020279,1035354,1050123,1059952
District of Columbia,605282,620290,635737,651559,663603,677014,687576,697079,704147,708253,670958,669637,674501,682559,691310,693645
Florida,18846143,19055607,19302016,19551678,19853880,20219111,20627237,20977089,21254926,21492056,21591325,21836698,22413989,22929248,23265838,23462518
Georgia,9712209,9803630,9903580,9975592,10071204,10183353,10308442,10417031,10519389,10628020,10732595,10793038,10929992,11063669,11204208,11302748
Hawaii,1364004,1379562,1395199,1408822,1415335,1422999,1428885,1425763,1423102,1415615,1451130,1446909,1437812,1434950,1434952,1432820
Idaho,1570819,1584272,1595910,1612053,1632248,1652495,1684036,1719745,1752074,1789060,1849328,1904855,1942951,1970497,2000872,2029733
Illinois,12840545,12867783,12883029,12895778,12885092,12859585,12821709,12779893,12724685,12667017,12795348,12703354,12609577,12633389,12703033,12719141
Indiana,6490555,6517250,6538989,6570575,6596019,6611442,6637898,6662068,6698481,6731010,6790290,6814223,6841491,6881373,6934754,6973333
Iowa,3050819,3066772,3076844,3093935,3110643,3122541,3133210,3143734,3149900,3159596,3191081,3199037,3201890,3214739,3230454,3238387
Kansas,2858266,2869677,2886024,2894306,2901861,2910717,2912977,2910892,2912748,2912635,2938274,2938966,2938034,2949749,2965252,2977220
Kentucky,4348464,4370817,4387865,4406906,4416992,4429126,4440306,4455590,4464273,4472345,4508271,4508348,4521238,4549953,4584046,4606864
Louisiana,4544635,4576244,4602067,4626040,4645938,4666998,4681346,4673673,4664450,4658285,4652145,4628595,4600892,4598777,4614878,4618189
Maine,1327651,1328473,1328094,1328543,1331217,1329098,1332348,1335743,1340123,1345770,1364546,1379009,1391585,1401992,1408438,1414874
Maryland,5788784,5840241,5888375,5925197,5960064,5988528,6007014,6028186,6042153,6054954,6178387,6176035,6183257,6204927,6245314,6265347
Massachusetts,6566440,6614218,6664269,6715158,6764864,6797484,6827280,6863560,6885720,6894883,6985320,6996721,7025465,7073479,7138560,7154084
Michigan,9877597,9883053,9898289,9914802,9932033,9934483,9954117,9976752,9987286,9984795,10072294,10042362,10043906,10062124,10099962,10127884
Minnesota,5310934,5346620,5377500,5414722,5452665,5484002,5525360,5569283,5608762,5640053,5710562,5714055,5727565,5752998,5797405,5830405
Mississippi,2970615,2979147,2984599,2989839,2991892,2990231,2990595,2990674,2982879,2978227,2958385,2947603,2941237,2942470,2950172,2954160
Missouri,5996089,6011182,6026027,6042989,6059130,6075411,6091384,6111382,6125986,6140475,6155074,6172551,6179285,6205956,6243544,6270541
Montana,990730,997518,1004168,1014158,1022657,1031495,1042137,1053862,1061818,1070123,1087156,1106416,1121533,1130612,1137557,1144694
Nebraska,1829591,1840914,1853691,1865813,1879955,1892059,1906483,1916998,1925512,1932571,1963318,1964697,1972595,1988172,2005591,2018006
Nevada,2702483,2713114,2744670,2776956,2818935,2868531,2919555,2972097,3030725,3090771,3116851,3148472,3177672,3211077,3253543,3282188
New Hampshire,1316807,1320444,1324677,1327272,1334257,1337480,1343694,1350395,1355064,1360783,1378752,1387907,1396647,1401530,1408518,1415342
New Jersey,8799451,8828552,8845671,8857821,8867277,8870312,8873584,8888147,8891730,8891258,9270476,9266509,9298402,9395315,9506354,9548215
New Mexico,2064614,2080707,2087715,2092833,2090236,2090071,2092555,2092844,2093754,2099634,2118446,2117300,2112859,2119349,2126774,2125498
New York,19399956,19499921,19574362,19626488,19653431,19657321,19636391,19593849,19544098,19463131,20122262,19835345,19713025,19786543,20001419,20002427
North Carolina,9574586,9658913,9751810,9846717,9937295,10037218,10161802,10275758,10391358,10501384,10450215,10565503,10705768,10871849,11052061,11197968
North Dakota,674752,685526,702227,723149,738736,755537,756114,756755,760062,763724,779612,777977,780191,787071,793387,799358
Ohio,11539449,11545735,11550971,11579692,11606573,11622315,11640060,11665706,11680892,11696507,11798534,11761443,11764950,11808390,11860621,11900510
Oklahoma,3760014,3788824,3819320,3853891,3879187,3910518,3928143,3933602,3943488,3960676,3965243,3992760,4025327,4062716,4097758,4123288
Oregon,3837614,3872672,3900102,3924110,3965447,4018542,4093271,4147294,4183538,4216116,4243544,4254691,4245964,4250392,4265324,4273586
Pennsylvania,12711406,12747052,12769123,12779538,12792392,12789838,12788468,12794679,12809107,12798883,12995576,13016628,12984655,13009406,13045848,13059432
Rhode Island,1053994,1053829,1054893,1055560,1056511,1056886,1057816,1056554,1059338,1058158,1096487,1097381,1098275,1101183,1110415,1114521
South Carolina,4635846,4672655,4719027,4766469,4826858,4896006,4963031,5027102,5091702,5157702,5131992,5194346,5288957,5390798,5490316,5570274
South Dakota,816193,823740,833859,842751,849670,854663,863693,873732,879386,887127,887808,896303,909156,917739,927110,935094
Tennessee,6355518,6400298,6455752,6496943,6544617,6595354,6651277,6714748,6778180,6830325,6927736,6966687,7063325,7153029,7251291,7315076
Texas,25241897,25645504,26084120,26479646,26963092,27468531,27914064,28291024,28624564,28986794,29237895,29572672,30118002,30719247,31318578,31709821
Utah,2775413,2814797,2854146,2898773,2938327,2983626,3044241,3103540,3155153,3203383,3283970,3339874,3393928,3449259,3502983,3538904
Vermont,625886,627197,626361,626603,625693,625810,624366,625132,624802,624046,642965,647238,647614,647722,646521,644663
Virginia,8024004,8102437,8187456,8255861,8315430,8367303,8417651,8471011,8510920,8556642,8637303,8660007,8681038,8732034,8819642,8880107
Washington,6743009,6827479,6898599,6966252,7057531,7167287,7299961,7427951,7526793,7614024,7726812,7744316,7786828,7838655,7927958,8001020
West Virginia,1854265,1856606,1857446,1854768,1850569,1843332,1832435,1818683,1805953,1795263,1791670,1785921,1774003,1770036,1767402,1766147
Wisconsin,5690538,5705840,5720825,5738012,5753199,5762927,5775170,5793147,5809319,5824581,5897371,5882128,5903472,5930350,5957168,5972787
Wyoming,564531,567491,576656,582620,583159,586389,585243,579994,579054,580116,577669,579662,581742,584666,586722,588753
United States,309327143,311583481,313877662,316059947,318386329,320738994,323071755,325122128,326838199,328329953,331578104,332100166,333996304,336755052,340003797,341784857
